{"stats":{"minecraft:picked_up":{"minecraft:raw_iron":10,"minecraft:crafting_table":2,"minecraft:wooden_pickaxe":1,"minecraft:porkchop":8,"minecraft:oak_log":5,"minecraft:dirt":3,"minecraft:coal":37,"minecraft:egg":1,"minecraft:cobblestone":39,"minecraft:furnace":1},"minecraft:mined":{"minecraft:furnace":1,"minecraft:iron_ore":10,"minecraft:crafting_table":2,"minecraft:short_grass":2,"minecraft:oak_log":5,"minecraft:grass_block":1,"minecraft:coal_ore":38,"minecraft:dirt":2,"minecraft:stone":39},"minecraft:custom":{"minecraft:time_since_rest":18333,"minecraft:interact_with_furnace":6,"minecraft:sprint_one_cm":38935,"minecraft:damage_taken":120,"minecraft:walk_one_cm":32452,"minecraft:mob_kills":4,"minecraft:drop":2,"minecraft:damage_dealt":400,"minecraft:interact_with_crafting_table":3,"minecraft:fly_one_cm":70753,"minecraft:crouch_one_cm":1581,"minecraft:play_time":18333,"minecraft:sneak_time":687,"minecraft:jump":405,"minecraft:leave_game":1,"minecraft:time_since_death":18333,"minecraft:total_world_time":18333,"minecraft:fall_one_cm":16971},"minecraft:crafted":{"minecraft:oak_planks":20,"minecraft:cooked_porkchop":8,"minecraft:crafting_table":1,"minecraft:stick":4,"minecraft:wooden_pickaxe":1,"minecraft:stone_pickaxe":1,"minecraft:furnace":1,"minecraft:air":0},"minecraft:killed":{"minecraft:pig":4},"minecraft:used":{"minecraft:stone_pickaxe":85,"minecraft:wooden_pickaxe":3,"minecraft:dirt":3,"minecraft:cobblestone":12,"minecraft:crafting_table":2,"minecraft:furnace":1,"minecraft:cooked_porkchop":2,"minecraft:egg":1},"minecraft:dropped":{"minecraft:wooden_pickaxe":2}},"DataVersion":3953}