{"stats":{"minecraft:picked_up":{"minecraft:crafting_table":1,"minecraft:wooden_pickaxe":1,"minecraft:oak_log":5,"minecraft:cobblestone":3},"minecraft:mined":{"minecraft:short_grass":1,"minecraft:oak_log":5,"minecraft:stone":3,"minecraft:crafting_table":1},"minecraft:custom":{"minecraft:time_since_rest":2381,"minecraft:crouch_one_cm":565,"minecraft:play_time":2381,"minecraft:sprint_one_cm":6591,"minecraft:walk_one_cm":6080,"minecraft:sneak_time":161,"minecraft:drop":2,"minecraft:jump":58,"minecraft:time_since_death":2381,"minecraft:total_world_time":2381,"minecraft:interact_with_crafting_table":2,"minecraft:fall_one_cm":2684,"minecraft:fly_one_cm":12668},"minecraft:crafted":{"minecraft:oak_planks":20,"minecraft:crafting_table":1,"minecraft:stick":4,"minecraft:wooden_pickaxe":1,"minecraft:stone_pickaxe":1},"minecraft:used":{"minecraft:crafting_table":1,"minecraft:wooden_pickaxe":3},"minecraft:dropped":{"minecraft:wooden_pickaxe":2}},"DataVersion":3953}