{"stats":{"minecraft:picked_up":{"minecraft:coarse_dirt":1,"minecraft:wheat_seeds":1,"minecraft:acacia_log":1,"minecraft:dirt":13},"minecraft:mined":{"minecraft:short_grass":5,"minecraft:acacia_log":1,"minecraft:grass_block":2,"minecraft:coarse_dirt":1},"minecraft:custom":{"minecraft:time_since_rest":534,"minecraft:crouch_one_cm":149,"minecraft:sprint_one_cm":13747,"minecraft:play_time":5047,"minecraft:deaths":1,"minecraft:damage_taken":253,"minecraft:walk_one_cm":2813,"minecraft:sneak_time":30,"minecraft:walk_under_water_one_cm":400,"minecraft:jump":37,"minecraft:damage_dealt":20,"minecraft:leave_game":2,"minecraft:walk_on_water_one_cm":464,"minecraft:time_since_death":478,"minecraft:total_world_time":5047,"minecraft:swim_one_cm":1154,"minecraft:fall_one_cm":3541,"minecraft:fly_one_cm":8831},"minecraft:killed_by":{"minecraft:wolf":1}},"DataVersion":3953}