{"stats":{"minecraft:broken":{"minecraft:wooden_axe":3},"minecraft:mined":{"minecraft:large_fern":1,"minecraft:furnace":1,"minecraft:birch_log":23,"minecraft:spruce_log":127,"minecraft:crafting_table":5,"minecraft:oak_log":53,"minecraft:spruce_leaves":7,"minecraft:stone":20,"minecraft:oak_leaves":4,"minecraft:fern":1},"minecraft:killed":{"minecraft:sheep":5,"minecraft:cow":1},"minecraft:picked_up":{"minecraft:birch_log":23,"minecraft:stick":39,"minecraft:crafting_table":5,"minecraft:brown_mushroom":1,"minecraft:oak_log":52,"minecraft:spruce_sapling":29,"minecraft:spruce_log":124,"minecraft:apple":4,"minecraft:spruce_boat":1,"minecraft:beef":2,"minecraft:gray_wool":1,"minecraft:oak_sapling":19,"minecraft:birch_sapling":6,"minecraft:mutton":7,"minecraft:white_wool":4,"minecraft:cobblestone":20,"minecraft:furnace":1},"minecraft:used":{"minecraft:spruce_boat":1,"minecraft:cooked_mutton":3,"minecraft:wooden_axe":196,"minecraft:stone_pickaxe":1,"minecraft:wooden_pickaxe":20,"minecraft:stone_axe":34,"minecraft:crafting_table":5,"minecraft:furnace":1},"minecraft:custom":{"minecraft:time_since_rest":21032,"minecraft:interact_with_furnace":4,"minecraft:sprint_one_cm":45843,"minecraft:damage_taken":150,"minecraft:walk_one_cm":28063,"minecraft:mob_kills":6,"minecraft:damage_dealt":500,"minecraft:interact_with_crafting_table":8,"minecraft:fly_one_cm":32409,"minecraft:crouch_one_cm":308,"minecraft:play_time":21032,"minecraft:sneak_time":104,"minecraft:boat_one_cm":29420,"minecraft:jump":188,"minecraft:leave_game":4,"minecraft:walk_on_water_one_cm":265,"minecraft:time_since_death":21032,"minecraft:total_world_time":21032,"minecraft:fall_one_cm":6427},"minecraft:crafted":{"minecraft:stone_shovel":1,"minecraft:crafting_table":1,"minecraft:spruce_planks":52,"minecraft:stick":12,"minecraft:wooden_pickaxe":1,"minecraft:stone_pickaxe":1,"minecraft:wooden_axe":3,"minecraft:furnace":1,"minecraft:spruce_boat":1,"minecraft:stone_axe":1,"minecraft:air":0,"minecraft:cooked_mutton":7}},"DataVersion":3953}