{"stats":{"minecraft:used":{"minecraft:cooked_mutton":12,"minecraft:stone_pickaxe":119,"minecraft:stone_shovel":132,"minecraft:chest":8,"minecraft:wooden_pickaxe":20,"minecraft:fletching_table":1,"minecraft:sugar_cane":60,"minecraft:blue_bed":3,"minecraft:iron_chestplate":1,"minecraft:dirt":135,"minecraft:crafting_table":6,"minecraft:white_bed":3,"minecraft:spruce_boat":7,"minecraft:wooden_axe":196,"minecraft:iron_helmet":1,"minecraft:spruce_sapling":24,"minecraft:stone_axe":617,"minecraft:purple_bed":4,"minecraft:furnace":2,"minecraft:porkchop":1,"minecraft:smithing_table":1,"minecraft:gray_bed":2},"minecraft:broken":{"minecraft:stone_axe":4,"minecraft:wooden_axe":3,"minecraft:stone_shovel":1},"minecraft:custom":{"minecraft:interact_with_furnace":8,"minecraft:mob_kills":44,"minecraft:traded_with_villager":68,"minecraft:interact_with_crafting_table":24,"minecraft:bell_ring":1,"minecraft:sleep_in_bed":1,"minecraft:leave_game":5,"minecraft:time_since_death":68146,"minecraft:climb_one_cm":1672,"minecraft:time_since_rest":14204,"minecraft:sprint_one_cm":252013,"minecraft:damage_taken":510,"minecraft:walk_one_cm":177249,"minecraft:drop":41,"minecraft:damage_dealt":6092,"minecraft:swim_one_cm":438,"minecraft:fly_one_cm":147326,"minecraft:talked_to_villager":12,"minecraft:open_chest":55,"minecraft:crouch_one_cm":1820,"minecraft:play_time":68146,"minecraft:sneak_time":1114,"minecraft:walk_under_water_one_cm":1733,"minecraft:boat_one_cm":88664,"minecraft:jump":719,"minecraft:walk_on_water_one_cm":5817,"minecraft:total_world_time":68146,"minecraft:fall_one_cm":21943},"minecraft:killed":{"minecraft:pig":3,"minecraft:iron_golem":2,"minecraft:spider":1,"minecraft:frog":2,"minecraft:creeper":1,"minecraft:sheep":20,"minecraft:skeleton":1,"minecraft:zombie":3,"minecraft:chicken":4,"minecraft:cow":7},"minecraft:mined":{"minecraft:smithing_table":1,"minecraft:red_carpet":3,"minecraft:glass_pane":3,"minecraft:mossy_cobblestone":14,"minecraft:cobblestone_stairs":1,"minecraft:brewing_stand":1,"minecraft:spruce_trapdoor":16,"minecraft:crafting_table":7,"minecraft:torch":2,"minecraft:short_grass":4,"minecraft:grass_block":130,"minecraft:poppy":1,"minecraft:chest":6,"minecraft:lectern":1,"minecraft:cobblestone":87,"minecraft:spruce_leaves":19,"minecraft:sugar_cane":40,"minecraft:grindstone":3,"minecraft:composter":1,"minecraft:cartography_table":1,"minecraft:wall_torch":1,"minecraft:blue_bed":3,"minecraft:large_fern":43,"minecraft:spruce_stairs":2,"minecraft:purple_bed":5,"minecraft:furnace":1,"minecraft:birch_log":42,"minecraft:wheat":9,"minecraft:spruce_log":454,"minecraft:fletching_table":1,"minecraft:bookshelf":6,"minecraft:potatoes":2,"minecraft:oak_log":81,"minecraft:water_cauldron":2,"minecraft:purple_carpet":8,"minecraft:dirt":8,"minecraft:stone":20,"minecraft:stonecutter":1,"minecraft:oak_leaves":12,"minecraft:fern":11},"minecraft:picked_up":{"minecraft:birch_log":42,"minecraft:crafting_table":7,"minecraft:feather":13,"minecraft:chicken":4,"minecraft:smithing_table":1,"minecraft:leather":8,"minecraft:brown_mushroom":1,"minecraft:potato":6,"minecraft:oak_log":73,"minecraft:lily_pad":7,"minecraft:brewing_stand":1,"minecraft:cobblestone_stairs":1,"minecraft:string":2,"minecraft:dirt":137,"minecraft:blue_bed":3,"minecraft:purple_carpet":8,"minecraft:red_carpet":3,"minecraft:apple":4,"minecraft:stone_hoe":1,"minecraft:stone_pickaxe":2,"minecraft:stonecutter":1,"minecraft:wheat_seeds":20,"minecraft:cartography_table":1,"minecraft:iron_ingot":8,"minecraft:spruce_planks":2,"minecraft:grindstone":3,"minecraft:beef":10,"minecraft:light_gray_wool":3,"minecraft:poppy":4,"minecraft:fletching_table":1,"minecraft:lectern":1,"minecraft:sugar_cane":60,"minecraft:chest":6,"minecraft:birch_sapling":10,"minecraft:spruce_trapdoor":16,"minecraft:furnace":1,"minecraft:book":18,"minecraft:stick":80,"minecraft:composter":1,"minecraft:torch":5,"minecraft:spruce_stairs":2,"minecraft:porkchop":8,"minecraft:spruce_sapling":97,"minecraft:spruce_log":447,"minecraft:spruce_door":1,"minecraft:mossy_cobblestone":14,"minecraft:cauldron":2,"minecraft:arrow":2,"minecraft:purple_bed":5,"minecraft:rotten_flesh":7,"minecraft:spruce_boat":7,"minecraft:gray_wool":6,"minecraft:emerald":3,"minecraft:bread":5,"minecraft:oak_sapling":19,"minecraft:black_wool":1,"minecraft:mutton":30,"minecraft:white_wool":10,"minecraft:cobblestone":107},"minecraft:crafted":{"minecraft:stone_shovel":2,"minecraft:emerald":34,"minecraft:crafting_table":1,"minecraft:spruce_planks":1320,"minecraft:wooden_pickaxe":1,"minecraft:furnace":1,"minecraft:stone_axe":5,"minecraft:air":0,"minecraft:cooked_mutton":12,"minecraft:stick":2060,"minecraft:stone_pickaxe":21,"minecraft:wooden_axe":3,"minecraft:chest":8,"minecraft:white_bed":3,"minecraft:spruce_boat":1,"minecraft:stone_hoe":14,"minecraft:gray_bed":2},"minecraft:dropped":{"minecraft:stone_hoe":15,"minecraft:wheat_seeds":1,"minecraft:pumpkin_seeds":4,"minecraft:poppy":3,"minecraft:stone_pickaxe":22,"minecraft:wooden_pickaxe":1}},"DataVersion":3953}