{"stats":{"minecraft:picked_up":{"minecraft:crafting_table":3,"minecraft:coarse_dirt":6,"minecraft:wheat":17,"minecraft:feather":5,"minecraft:chicken":5,"minecraft:leather":2,"minecraft:brown_mushroom":3,"minecraft:acacia_wood":22,"minecraft:oak_log":4,"minecraft:dirt":83,"minecraft:red_bed":1,"minecraft:apple":1,"minecraft:wheat_seeds":154,"minecraft:bell":1,"minecraft:iron_ingot":3,"minecraft:beef":9,"minecraft:melon_slice":6,"minecraft:sugar_cane":12,"minecraft:furnace":1,"minecraft:raw_iron":4,"minecraft:acacia_fence":8,"minecraft:composter":1,"minecraft:torch":5,"minecraft:acacia_log":25,"minecraft:cauldron":2,"minecraft:orange_bed":1,"minecraft:rotten_flesh":2,"minecraft:short_grass":1,"minecraft:hay_block":41,"minecraft:acacia_slab":16,"minecraft:melon_seeds":3,"minecraft:mutton":1,"minecraft:coal":10,"minecraft:white_wool":3,"minecraft:cobblestone":19},"minecraft:mined":{"minecraft:brown_mushroom":3,"minecraft:glass_pane":2,"minecraft:red_bed":1,"minecraft:melon_stem":4,"minecraft:crafting_table":3,"minecraft:short_grass":18,"minecraft:acacia_log":25,"minecraft:grass_block":25,"minecraft:melon":1,"minecraft:tall_grass":2,"minecraft:acacia_slab":15,"minecraft:sugar_cane":6,"minecraft:composter":1,"minecraft:hay_block":41,"minecraft:seagrass":1,"minecraft:coarse_dirt":6,"minecraft:furnace":1,"minecraft:iron_ore":4,"minecraft:wheat":116,"minecraft:acacia_wood":22,"minecraft:coal_ore":6,"minecraft:oak_log":4,"minecraft:water_cauldron":2,"minecraft:dirt_path":30,"minecraft:acacia_fence":8,"minecraft:dirt":27,"minecraft:stone":19,"minecraft:white_wool":2,"minecraft:oak_leaves":7,"minecraft:orange_bed":1},"minecraft:custom":{"minecraft:interact_with_furnace":14,"minecraft:mob_kills":12,"minecraft:interact_with_crafting_table":18,"minecraft:time_since_death":22298,"minecraft:sleep_in_bed":2,"minecraft:time_since_rest":2268,"minecraft:sprint_one_cm":62602,"minecraft:damage_taken":203,"minecraft:walk_one_cm":59954,"minecraft:drop":3,"minecraft:damage_dealt":1850,"minecraft:swim_one_cm":19652,"minecraft:fly_one_cm":57060,"minecraft:open_chest":7,"minecraft:crouch_one_cm":4914,"minecraft:play_time":22298,"minecraft:sneak_time":1550,"minecraft:walk_under_water_one_cm":369,"minecraft:jump":255,"minecraft:walk_on_water_one_cm":2377,"minecraft:total_world_time":22298,"minecraft:fall_one_cm":10583},"minecraft:crafted":{"minecraft:cooked_beef":9,"minecraft:stone_shovel":1,"minecraft:crafting_table":1,"minecraft:acacia_slab":30,"minecraft:wooden_pickaxe":1,"minecraft:furnace":1,"minecraft:stone_axe":1,"minecraft:air":0,"minecraft:shield":1,"minecraft:ladder":6,"minecraft:stick":32,"minecraft:iron_ingot":4,"minecraft:iron_pickaxe":1,"minecraft:stone_pickaxe":1,"minecraft:stone_sword":1,"minecraft:chest":2,"minecraft:acacia_planks":140,"minecraft:stone_hoe":1},"minecraft:killed":{"minecraft:iron_golem":1,"minecraft:sheep":1,"minecraft:zombie":1,"minecraft:chicken":5,"minecraft:cow":4},"minecraft:used":{"minecraft:stone_sword":18,"minecraft:stone_shovel":89,"minecraft:stone_pickaxe":19,"minecraft:chest":2,"minecraft:wooden_pickaxe":16,"minecraft:stone_hoe":47,"minecraft:white_wool":2,"minecraft:orange_bed":1,"minecraft:dirt":11,"minecraft:crafting_table":4,"minecraft:red_bed":1,"minecraft:acacia_slab":36,"minecraft:stone_axe":95,"minecraft:furnace":1,"minecraft:cooked_beef":4},"minecraft:dropped":{"minecraft:short_grass":2,"minecraft:dirt":2}},"DataVersion":3953}