{"stats":{"minecraft:picked_up":{"minecraft:crafting_table":3,"minecraft:coarse_dirt":6,"minecraft:wheat":17,"minecraft:feather":5,"minecraft:chicken":5,"minecraft:ladder":6,"minecraft:leather":2,"minecraft:brown_mushroom":3,"minecraft:acacia_wood":22,"minecraft:oak_log":4,"minecraft:dirt":269,"minecraft:red_bed":2,"minecraft:apple":1,"minecraft:wheat_seeds":157,"minecraft:bell":2,"minecraft:iron_ingot":3,"minecraft:beef":9,"minecraft:melon_slice":6,"minecraft:sugar_cane":12,"minecraft:furnace":1,"minecraft:raw_iron":4,"minecraft:acacia_fence":8,"minecraft:composter":1,"minecraft:torch":5,"minecraft:acacia_log":25,"minecraft:blast_furnace":1,"minecraft:cauldron":2,"minecraft:orange_bed":3,"minecraft:rotten_flesh":2,"minecraft:short_grass":1,"minecraft:hay_block":44,"minecraft:granite":2,"minecraft:acacia_slab":25,"minecraft:melon_seeds":3,"minecraft:mutton":1,"minecraft:coal":10,"minecraft:white_wool":3,"minecraft:cobblestone":138},"minecraft:mined":{"minecraft:farmland":1,"minecraft:brown_mushroom":3,"minecraft:glass_pane":2,"minecraft:red_bed":2,"minecraft:melon_stem":4,"minecraft:crafting_table":3,"minecraft:granite":2,"minecraft:blast_furnace":1,"minecraft:short_grass":20,"minecraft:acacia_log":25,"minecraft:grass_block":48,"minecraft:melon":1,"minecraft:tall_grass":4,"minecraft:cobblestone":1,"minecraft:acacia_slab":23,"minecraft:sugar_cane":6,"minecraft:composter":1,"minecraft:hay_block":44,"minecraft:seagrass":1,"minecraft:coarse_dirt":6,"minecraft:furnace":1,"minecraft:acacia_trapdoor":2,"minecraft:iron_ore":4,"minecraft:wheat":116,"minecraft:acacia_wood":22,"minecraft:bell":1,"minecraft:coal_ore":6,"minecraft:oak_log":4,"minecraft:water_cauldron":2,"minecraft:dirt_path":59,"minecraft:acacia_fence":8,"minecraft:dirt":160,"minecraft:stone":137,"minecraft:white_wool":2,"minecraft:oak_leaves":7,"minecraft:orange_bed":3},"minecraft:custom":{"minecraft:interact_with_furnace":14,"minecraft:mob_kills":12,"minecraft:interact_with_crafting_table":26,"minecraft:bell_ring":5,"minecraft:leave_game":1,"minecraft:time_since_death":46763,"minecraft:sleep_in_bed":2,"minecraft:climb_one_cm":3604,"minecraft:time_since_rest":26733,"minecraft:sprint_one_cm":92277,"minecraft:damage_taken":273,"minecraft:walk_one_cm":124529,"minecraft:drop":4,"minecraft:damage_dealt":1850,"minecraft:swim_one_cm":19652,"minecraft:fly_one_cm":65863,"minecraft:open_chest":19,"minecraft:crouch_one_cm":8715,"minecraft:play_time":46763,"minecraft:sneak_time":2427,"minecraft:walk_under_water_one_cm":369,"minecraft:jump":331,"minecraft:walk_on_water_one_cm":2377,"minecraft:total_world_time":46763,"minecraft:fall_one_cm":13408},"minecraft:crafted":{"minecraft:cooked_beef":9,"minecraft:stone_shovel":2,"minecraft:crafting_table":1,"minecraft:acacia_slab":48,"minecraft:wooden_pickaxe":1,"minecraft:acacia_trapdoor":2,"minecraft:furnace":1,"minecraft:cobblestone_stairs":20,"minecraft:stone_axe":1,"minecraft:air":0,"minecraft:shield":1,"minecraft:ladder":6,"minecraft:stick":32,"minecraft:iron_ingot":4,"minecraft:iron_pickaxe":1,"minecraft:stone_pickaxe":1,"minecraft:stone_sword":1,"minecraft:chest":2,"minecraft:acacia_planks":140,"minecraft:stone_hoe":1},"minecraft:broken":{"minecraft:stone_shovel":2,"minecraft:wooden_pickaxe":1},"minecraft:killed":{"minecraft:iron_golem":1,"minecraft:sheep":1,"minecraft:zombie":1,"minecraft:chicken":5,"minecraft:cow":4},"minecraft:used":{"minecraft:wheat_seeds":48,"minecraft:water_bucket":1,"minecraft:acacia_log":10,"minecraft:cobblestone_stairs":20,"minecraft:stone_sword":18,"minecraft:acacia_trapdoor":2,"minecraft:stone_shovel":265,"minecraft:stone_pickaxe":99,"minecraft:ladder":10,"minecraft:chest":2,"minecraft:wooden_pickaxe":62,"minecraft:bell":1,"minecraft:stone_hoe":95,"minecraft:white_wool":2,"minecraft:orange_bed":2,"minecraft:torch":3,"minecraft:dirt":61,"minecraft:crafting_table":4,"minecraft:red_bed":2,"minecraft:acacia_slab":70,"minecraft:stone_axe":115,"minecraft:cobblestone":15,"minecraft:furnace":1,"minecraft:bucket":1,"minecraft:acacia_planks":18,"minecraft:cooked_beef":4},"minecraft:dropped":{"minecraft:short_grass":2,"minecraft:dirt":2,"minecraft:ladder":1}},"DataVersion":3953}