{"stats":{"minecraft:killed":{"minecraft:sheep":1},"minecraft:broken":{"minecraft:wooden_axe":2},"minecraft:custom":{"minecraft:time_since_rest":15630,"minecraft:crouch_one_cm":308,"minecraft:play_time":15630,"minecraft:sprint_one_cm":27258,"minecraft:damage_taken":30,"minecraft:walk_one_cm":14655,"minecraft:sneak_time":104,"minecraft:mob_kills":1,"minecraft:boat_one_cm":29420,"minecraft:jump":116,"minecraft:damage_dealt":80,"minecraft:walk_on_water_one_cm":265,"minecraft:leave_game":4,"minecraft:time_since_death":15630,"minecraft:total_world_time":15630,"minecraft:interact_with_crafting_table":3,"minecraft:fall_one_cm":3514,"minecraft:fly_one_cm":22183},"minecraft:crafted":{"minecraft:spruce_boat":1,"minecraft:crafting_table":1,"minecraft:spruce_planks":20,"minecraft:stick":8,"minecraft:wooden_axe":2},"minecraft:picked_up":{"minecraft:crafting_table":2,"minecraft:stick":22,"minecraft:spruce_boat":1,"minecraft:brown_mushroom":1,"minecraft:spruce_sapling":29,"minecraft:spruce_log":124,"minecraft:mutton":2,"minecraft:white_wool":1},"minecraft:mined":{"minecraft:large_fern":1,"minecraft:spruce_leaves":7,"minecraft:spruce_log":127,"minecraft:fern":1,"minecraft:crafting_table":2},"minecraft:used":{"minecraft:spruce_boat":1,"minecraft:wooden_axe":135,"minecraft:crafting_table":2}},"DataVersion":3953}