{"stats":{"minecraft:picked_up":{"minecraft:charcoal":2,"minecraft:iron_chestplate":1,"minecraft:crafting_table":7,"minecraft:chicken":8,"minecraft:smithing_table":1,"minecraft:brown_mushroom":2,"minecraft:brewing_stand":3,"minecraft:string":4,"minecraft:raw_copper":94,"minecraft:iron_axe":1,"minecraft:armor_stand":2,"minecraft:iron_shovel":3,"minecraft:cartography_table":1,"minecraft:detector_rail":3,"minecraft:spruce_planks":2,"minecraft:beef":20,"minecraft:light_gray_wool":6,"minecraft:poppy":4,"minecraft:lectern":1,"minecraft:sugar_cane":163,"minecraft:chest":13,"minecraft:birch_sapling":11,"minecraft:spruce_trapdoor":32,"minecraft:raw_copper_block":2,"minecraft:furnace":1,"minecraft:raw_iron":4,"minecraft:stick":538,"minecraft:composter":1,"minecraft:torch":19,"minecraft:spruce_stairs":4,"minecraft:porkchop":8,"minecraft:diorite":86,"minecraft:carrot":2,"minecraft:cauldron":2,"minecraft:rotten_flesh":15,"minecraft:stone_shovel":1,"minecraft:stone_sword":2,"minecraft:arrow":12,"minecraft:beetroot_seeds":2,"minecraft:mutton":30,"minecraft:rail":32,"minecraft:white_wool":10,"minecraft:cobblestone":480,"minecraft:birch_log":42,"minecraft:feather":26,"minecraft:andesite":127,"minecraft:leather":16,"minecraft:potato":6,"minecraft:flint":12,"minecraft:oak_log":148,"minecraft:lily_pad":14,"minecraft:lapis_lazuli":6,"minecraft:gunpowder":6,"minecraft:cobblestone_wall":25,"minecraft:cobblestone_stairs":10,"minecraft:blue_bed":3,"minecraft:dirt":519,"minecraft:purple_carpet":8,"minecraft:red_carpet":6,"minecraft:bone":8,"minecraft:apple":15,"minecraft:stonecutter":2,"minecraft:bow":4,"minecraft:wheat_seeds":27,"minecraft:grindstone":3,"minecraft:iron_ingot":14,"minecraft:stone_pickaxe":3,"minecraft:fletching_table":1,"minecraft:stone_hoe":1,"minecraft:book":36,"minecraft:gravel":112,"minecraft:sand":188,"minecraft:spruce_sapling":390,"minecraft:blast_furnace":1,"minecraft:spruce_log":2157,"minecraft:spruce_door":2,"minecraft:mossy_cobblestone":15,"minecraft:pumpkin_seeds":5,"minecraft:purple_bed":5,"minecraft:stone_axe":3,"minecraft:spruce_boat":7,"minecraft:iron_helmet":1,"minecraft:granite":107,"minecraft:gray_wool":6,"minecraft:emerald":3,"minecraft:bread":25,"minecraft:oak_sapling":61,"minecraft:black_wool":2,"minecraft:coal":12},"minecraft:killed":{"minecraft:spider":1,"minecraft:skeleton":7,"minecraft:chicken":4,"minecraft:pig":3,"minecraft:iron_golem":2,"minecraft:frog":2,"minecraft:creeper":3,"minecraft:sheep":20,"minecraft:zombie":8,"minecraft:cow":7},"minecraft:custom":{"minecraft:mob_kills":57,"minecraft:interact_with_crafting_table":37,"minecraft:bell_ring":4,"minecraft:leave_game":6,"minecraft:time_since_death":56566,"minecraft:climb_one_cm":8379,"minecraft:sprint_one_cm":390309,"minecraft:walk_one_cm":335975,"minecraft:drop":72,"minecraft:talked_to_villager":57,"minecraft:play_time":130026,"minecraft:deaths":1,"minecraft:sneak_time":2655,"minecraft:walk_under_water_one_cm":4944,"minecraft:boat_one_cm":88664,"minecraft:jump":1113,"minecraft:walk_on_water_one_cm":13417,"minecraft:total_world_time":130026,"minecraft:interact_with_furnace":8,"minecraft:traded_with_villager":298,"minecraft:interact_with_stonecutter":1,"minecraft:sleep_in_bed":2,"minecraft:time_since_rest":34252,"minecraft:damage_taken":1271,"minecraft:damage_dealt":8500,"minecraft:swim_one_cm":7487,"minecraft:fly_one_cm":223625,"minecraft:open_chest":155,"minecraft:crouch_one_cm":8300,"minecraft:fall_one_cm":31057},"minecraft:dropped":{"minecraft:stone_hoe":27,"minecraft:wheat_seeds":1,"minecraft:oak_log":21,"minecraft:iron_axe":3,"minecraft:iron_shovel":4,"minecraft:stone_axe":3,"minecraft:detector_rail":3,"minecraft:rotten_flesh":1,"minecraft:pumpkin_seeds":4,"minecraft:poppy":3,"minecraft:beetroot_seeds":5,"minecraft:wooden_pickaxe":1,"minecraft:stone_pickaxe":27},"minecraft:mined":{"minecraft:red_carpet":3,"minecraft:mossy_cobblestone":15,"minecraft:cobblestone_stairs":10,"minecraft:brewing_stand":1,"minecraft:spruce_trapdoor":16,"minecraft:granite":107,"minecraft:grass_block":218,"minecraft:spruce_leaves":19,"minecraft:cartography_table":1,"minecraft:composter":1,"minecraft:large_fern":52,"minecraft:spruce_sapling":3,"minecraft:furnace":1,"minecraft:iron_ore":4,"minecraft:andesite":141,"minecraft:fletching_table":1,"minecraft:rail":13,"minecraft:bookshelf":6,"minecraft:potatoes":2,"minecraft:water_cauldron":2,"minecraft:dirt_path":70,"minecraft:purple_carpet":8,"minecraft:stone":358,"minecraft:smithing_table":1,"minecraft:glass_pane":3,"minecraft:oak_fence":2,"minecraft:crafting_table":7,"minecraft:torch":2,"minecraft:short_grass":6,"minecraft:blast_furnace":1,"minecraft:poppy":1,"minecraft:chest":6,"minecraft:lectern":1,"minecraft:campfire":1,"minecraft:copper_ore":26,"minecraft:cobblestone":96,"minecraft:oak_planks":2,"minecraft:lapis_ore":1,"minecraft:grindstone":3,"minecraft:sugar_cane":94,"minecraft:diorite":92,"minecraft:blue_bed":3,"minecraft:wall_torch":1,"minecraft:spruce_stairs":2,"minecraft:purple_bed":5,"minecraft:cobblestone_wall":19,"minecraft:birch_log":42,"minecraft:wheat":9,"minecraft:spruce_log":2168,"minecraft:coal_ore":12,"minecraft:oak_log":86,"minecraft:sand":95,"minecraft:gravel":120,"minecraft:dirt":82,"minecraft:raw_copper_block":2,"minecraft:stonecutter":2,"minecraft:oak_leaves":12,"minecraft:fern":31},"minecraft:broken":{"minecraft:stone_pickaxe":1,"minecraft:iron_axe":3,"minecraft:stone_axe":6,"minecraft:wooden_axe":3,"minecraft:stone_shovel":2},"minecraft:crafted":{"minecraft:stone_shovel":3,"minecraft:furnace":1,"minecraft:mossy_cobblestone_stairs":4,"minecraft:diamond_shovel":2,"minecraft:cooked_mutton":12,"minecraft:iron_axe":5,"minecraft:ladder":81,"minecraft:stone_pickaxe":28,"minecraft:chest":8,"minecraft:spruce_boat":1,"minecraft:stone_hoe":26,"minecraft:gray_bed":2,"minecraft:emerald":230,"minecraft:diamond_axe":2,"minecraft:crafting_table":1,"minecraft:spruce_planks":4136,"minecraft:wooden_pickaxe":1,"minecraft:fletching_table":2,"minecraft:stone_axe":9,"minecraft:mossy_cobblestone_wall":3,"minecraft:air":0,"minecraft:diamond_pickaxe":1,"minecraft:stick":7804,"minecraft:wooden_axe":3,"minecraft:stone_sword":1,"minecraft:iron_shovel":7,"minecraft:white_bed":3},"minecraft:killed_by":{"minecraft:skeleton":1},"minecraft:used":{"minecraft:stone_sword":33,"minecraft:iron_shovel":199,"minecraft:stone_shovel":321,"minecraft:ladder":47,"minecraft:chest":14,"minecraft:iron_chestplate":1,"minecraft:torch":3,"minecraft:dirt":256,"minecraft:cobblestone_wall":13,"minecraft:granite":19,"minecraft:spruce_boat":7,"minecraft:mossy_cobblestone_stairs":4,"minecraft:wooden_axe":196,"minecraft:iron_axe":1181,"minecraft:iron_helmet":1,"minecraft:bow":2,"minecraft:furnace":2,"minecraft:gray_bed":2,"minecraft:cooked_mutton":12,"minecraft:cobblestone_stairs":10,"minecraft:stone_pickaxe":159,"minecraft:wooden_pickaxe":20,"minecraft:diamond_axe":99,"minecraft:stonecutter":2,"minecraft:sugar_cane":67,"minecraft:blue_bed":3,"minecraft:fletching_table":3,"minecraft:mossy_cobblestone":6,"minecraft:crafting_table":8,"minecraft:white_bed":3,"minecraft:spruce_log":2,"minecraft:diamond_pickaxe":736,"minecraft:diamond_shovel":57,"minecraft:bread":12,"minecraft:gravel":38,"minecraft:spruce_sapling":127,"minecraft:stone_axe":1087,"minecraft:cobblestone":23,"minecraft:purple_bed":4,"minecraft:porkchop":1,"minecraft:smithing_table":1,"minecraft:mossy_cobblestone_wall":3}},"DataVersion":3953}