{"stats":{"minecraft:picked_up":{"minecraft:crafting_table":3,"minecraft:coarse_dirt":6,"minecraft:wheat":17,"minecraft:feather":5,"minecraft:chicken":5,"minecraft:ladder":6,"minecraft:leather":2,"minecraft:brown_mushroom":3,"minecraft:acacia_wood":22,"minecraft:oak_log":4,"minecraft:dirt":244,"minecraft:red_bed":2,"minecraft:apple":1,"minecraft:wheat_seeds":155,"minecraft:bell":2,"minecraft:iron_ingot":3,"minecraft:beef":9,"minecraft:melon_slice":6,"minecraft:sugar_cane":12,"minecraft:furnace":1,"minecraft:raw_iron":4,"minecraft:acacia_fence":8,"minecraft:composter":1,"minecraft:torch":5,"minecraft:acacia_log":25,"minecraft:blast_furnace":1,"minecraft:cauldron":2,"minecraft:orange_bed":3,"minecraft:rotten_flesh":2,"minecraft:short_grass":1,"minecraft:hay_block":44,"minecraft:granite":1,"minecraft:acacia_slab":18,"minecraft:melon_seeds":3,"minecraft:mutton":1,"minecraft:coal":10,"minecraft:white_wool":3,"minecraft:cobblestone":135},"minecraft:mined":{"minecraft:brown_mushroom":3,"minecraft:glass_pane":2,"minecraft:red_bed":2,"minecraft:melon_stem":4,"minecraft:crafting_table":3,"minecraft:granite":1,"minecraft:blast_furnace":1,"minecraft:short_grass":20,"minecraft:acacia_log":25,"minecraft:grass_block":33,"minecraft:melon":1,"minecraft:tall_grass":4,"minecraft:cobblestone":1,"minecraft:acacia_slab":16,"minecraft:sugar_cane":6,"minecraft:composter":1,"minecraft:hay_block":44,"minecraft:seagrass":1,"minecraft:coarse_dirt":6,"minecraft:furnace":1,"minecraft:acacia_trapdoor":2,"minecraft:iron_ore":4,"minecraft:wheat":116,"minecraft:acacia_wood":22,"minecraft:bell":1,"minecraft:coal_ore":6,"minecraft:oak_log":4,"minecraft:water_cauldron":2,"minecraft:dirt_path":57,"minecraft:acacia_fence":8,"minecraft:dirt":152,"minecraft:stone":134,"minecraft:white_wool":2,"minecraft:oak_leaves":7,"minecraft:orange_bed":3},"minecraft:custom":{"minecraft:interact_with_furnace":14,"minecraft:mob_kills":12,"minecraft:interact_with_crafting_table":25,"minecraft:bell_ring":5,"minecraft:time_since_death":34298,"minecraft:sleep_in_bed":2,"minecraft:climb_one_cm":3160,"minecraft:time_since_rest":14268,"minecraft:sprint_one_cm":86244,"minecraft:damage_taken":273,"minecraft:walk_one_cm":103463,"minecraft:drop":4,"minecraft:damage_dealt":1850,"minecraft:swim_one_cm":19652,"minecraft:fly_one_cm":64751,"minecraft:open_chest":11,"minecraft:crouch_one_cm":8715,"minecraft:play_time":34298,"minecraft:sneak_time":2427,"minecraft:walk_under_water_one_cm":369,"minecraft:jump":321,"minecraft:walk_on_water_one_cm":2377,"minecraft:total_world_time":34298,"minecraft:fall_one_cm":13408},"minecraft:crafted":{"minecraft:cooked_beef":9,"minecraft:stone_shovel":2,"minecraft:crafting_table":1,"minecraft:acacia_slab":48,"minecraft:wooden_pickaxe":1,"minecraft:acacia_trapdoor":2,"minecraft:furnace":1,"minecraft:cobblestone_stairs":20,"minecraft:stone_axe":1,"minecraft:air":0,"minecraft:shield":1,"minecraft:ladder":6,"minecraft:stick":32,"minecraft:iron_ingot":4,"minecraft:iron_pickaxe":1,"minecraft:stone_pickaxe":1,"minecraft:stone_sword":1,"minecraft:chest":2,"minecraft:acacia_planks":140,"minecraft:stone_hoe":1},"minecraft:broken":{"minecraft:stone_shovel":1,"minecraft:wooden_pickaxe":1},"minecraft:killed":{"minecraft:iron_golem":1,"minecraft:sheep":1,"minecraft:zombie":1,"minecraft:chicken":5,"minecraft:cow":4},"minecraft:used":{"minecraft:cobblestone_stairs":20,"minecraft:stone_sword":18,"minecraft:acacia_trapdoor":2,"minecraft:stone_shovel":247,"minecraft:stone_pickaxe":95,"minecraft:ladder":10,"minecraft:chest":2,"minecraft:wooden_pickaxe":62,"minecraft:bell":1,"minecraft:stone_hoe":47,"minecraft:white_wool":2,"minecraft:orange_bed":2,"minecraft:torch":3,"minecraft:dirt":32,"minecraft:crafting_table":4,"minecraft:red_bed":2,"minecraft:acacia_slab":61,"minecraft:stone_axe":98,"minecraft:cobblestone":15,"minecraft:furnace":1,"minecraft:acacia_planks":18,"minecraft:cooked_beef":4},"minecraft:dropped":{"minecraft:short_grass":2,"minecraft:dirt":2,"minecraft:ladder":1}},"DataVersion":3953}