{"stats":{"minecraft:picked_up":{"minecraft:crafting_table":1,"minecraft:raw_iron":4,"minecraft:acacia_log":13,"minecraft:mutton":1,"minecraft:white_wool":1,"minecraft:cobblestone":17,"minecraft:coarse_dirt":4},"minecraft:mined":{"minecraft:acacia_log":13,"minecraft:coarse_dirt":4,"minecraft:iron_ore":4,"minecraft:stone":17,"minecraft:crafting_table":1},"minecraft:custom":{"minecraft:time_since_rest":4298,"minecraft:crouch_one_cm":2932,"minecraft:play_time":4298,"minecraft:sprint_one_cm":7025,"minecraft:walk_one_cm":6162,"minecraft:sneak_time":612,"minecraft:mob_kills":1,"minecraft:jump":64,"minecraft:damage_dealt":80,"minecraft:time_since_death":4298,"minecraft:total_world_time":4298,"minecraft:interact_with_crafting_table":4,"minecraft:fall_one_cm":2301,"minecraft:fly_one_cm":14977},"minecraft:crafted":{"minecraft:stone_sword":1,"minecraft:stone_shovel":1,"minecraft:acacia_planks":16,"minecraft:stone_hoe":1,"minecraft:crafting_table":1,"minecraft:stone_axe":1,"minecraft:stick":12,"minecraft:wooden_pickaxe":1,"minecraft:stone_pickaxe":1},"minecraft:used":{"minecraft:stone_axe":10,"minecraft:stone_sword":2,"minecraft:crafting_table":2,"minecraft:stone_shovel":4,"minecraft:stone_pickaxe":10,"minecraft:wooden_pickaxe":11},"minecraft:killed":{"minecraft:sheep":1}},"DataVersion":3953}