{"stats":{"minecraft:broken":{"minecraft:wooden_axe":3,"minecraft:stone_axe":1},"minecraft:mined":{"minecraft:large_fern":2,"minecraft:furnace":1,"minecraft:birch_log":23,"minecraft:spruce_log":127,"minecraft:crafting_table":5,"minecraft:short_grass":2,"minecraft:oak_log":53,"minecraft:spruce_leaves":7,"minecraft:stone":20,"minecraft:sugar_cane":12,"minecraft:oak_leaves":8,"minecraft:fern":6},"minecraft:killed":{"minecraft:sheep":19,"minecraft:zombie":3,"minecraft:pig":3,"minecraft:chicken":4,"minecraft:spider":1,"minecraft:frog":2,"minecraft:skeleton":1,"minecraft:creeper":1,"minecraft:cow":7},"minecraft:picked_up":{"minecraft:birch_log":23,"minecraft:stick":39,"minecraft:crafting_table":5,"minecraft:feather":8,"minecraft:chicken":4,"minecraft:leather":8,"minecraft:brown_mushroom":1,"minecraft:porkchop":8,"minecraft:lily_pad":7,"minecraft:oak_log":52,"minecraft:spruce_sapling":29,"minecraft:spruce_log":124,"minecraft:string":2,"minecraft:arrow":2,"minecraft:rotten_flesh":4,"minecraft:apple":4,"minecraft:spruce_boat":7,"minecraft:beef":10,"minecraft:gray_wool":6,"minecraft:black_wool":1,"minecraft:light_gray_wool":2,"minecraft:sugar_cane":27,"minecraft:oak_sapling":19,"minecraft:birch_sapling":6,"minecraft:mutton":28,"minecraft:white_wool":10,"minecraft:cobblestone":20,"minecraft:furnace":1},"minecraft:used":{"minecraft:spruce_boat":7,"minecraft:cooked_mutton":7,"minecraft:wooden_axe":196,"minecraft:stone_pickaxe":4,"minecraft:wooden_pickaxe":20,"minecraft:sugar_cane":27,"minecraft:stone_axe":92,"minecraft:crafting_table":5,"minecraft:furnace":1,"minecraft:porkchop":1},"minecraft:custom":{"minecraft:time_since_rest":33032,"minecraft:interact_with_furnace":4,"minecraft:sprint_one_cm":151376,"minecraft:damage_taken":500,"minecraft:walk_one_cm":51361,"minecraft:mob_kills":41,"minecraft:damage_dealt":4132,"minecraft:swim_one_cm":438,"minecraft:interact_with_crafting_table":8,"minecraft:fly_one_cm":81735,"minecraft:crouch_one_cm":350,"minecraft:play_time":33032,"minecraft:walk_under_water_one_cm":1733,"minecraft:sneak_time":112,"minecraft:boat_one_cm":88664,"minecraft:jump":421,"minecraft:climb_one_cm":910,"minecraft:leave_game":4,"minecraft:walk_on_water_one_cm":4082,"minecraft:time_since_death":33032,"minecraft:total_world_time":33032,"minecraft:fall_one_cm":12796},"minecraft:crafted":{"minecraft:stone_shovel":1,"minecraft:crafting_table":1,"minecraft:spruce_planks":52,"minecraft:stick":12,"minecraft:wooden_pickaxe":1,"minecraft:stone_pickaxe":1,"minecraft:wooden_axe":3,"minecraft:furnace":1,"minecraft:spruce_boat":1,"minecraft:stone_axe":1,"minecraft:air":0,"minecraft:cooked_mutton":7}},"DataVersion":3953}