{"stats":{"minecraft:broken":{"minecraft:stone_axe":2,"minecraft:wooden_axe":3},"minecraft:mined":{"minecraft:smithing_table":1,"minecraft:glass_pane":3,"minecraft:mossy_cobblestone":9,"minecraft:cobblestone_stairs":1,"minecraft:brewing_stand":1,"minecraft:torch":2,"minecraft:crafting_table":5,"minecraft:spruce_trapdoor":16,"minecraft:short_grass":2,"minecraft:poppy":1,"minecraft:chest":4,"minecraft:cobblestone":66,"minecraft:spruce_leaves":11,"minecraft:cartography_table":1,"minecraft:grindstone":1,"minecraft:sugar_cane":12,"minecraft:wall_torch":1,"minecraft:large_fern":43,"minecraft:purple_bed":2,"minecraft:furnace":1,"minecraft:birch_log":23,"minecraft:spruce_log":348,"minecraft:oak_log":53,"minecraft:water_cauldron":2,"minecraft:stonecutter":1,"minecraft:stone":20,"minecraft:oak_leaves":8,"minecraft:fern":8},"minecraft:killed":{"minecraft:pig":3,"minecraft:spider":1,"minecraft:frog":2,"minecraft:creeper":1,"minecraft:sheep":19,"minecraft:skeleton":1,"minecraft:zombie":3,"minecraft:chicken":4,"minecraft:cow":7},"minecraft:picked_up":{"minecraft:birch_log":23,"minecraft:crafting_table":5,"minecraft:feather":8,"minecraft:chicken":4,"minecraft:smithing_table":1,"minecraft:leather":8,"minecraft:brown_mushroom":1,"minecraft:oak_log":52,"minecraft:lily_pad":7,"minecraft:brewing_stand":1,"minecraft:cobblestone_stairs":1,"minecraft:string":2,"minecraft:apple":4,"minecraft:stonecutter":1,"minecraft:wheat_seeds":8,"minecraft:cartography_table":1,"minecraft:grindstone":1,"minecraft:beef":10,"minecraft:poppy":1,"minecraft:light_gray_wool":2,"minecraft:sugar_cane":27,"minecraft:chest":4,"minecraft:birch_sapling":6,"minecraft:spruce_trapdoor":16,"minecraft:furnace":1,"minecraft:stick":65,"minecraft:torch":5,"minecraft:porkchop":8,"minecraft:spruce_sapling":67,"minecraft:spruce_log":313,"minecraft:cauldron":2,"minecraft:spruce_door":1,"minecraft:mossy_cobblestone":9,"minecraft:purple_bed":2,"minecraft:arrow":2,"minecraft:rotten_flesh":4,"minecraft:spruce_boat":7,"minecraft:gray_wool":6,"minecraft:emerald":3,"minecraft:bread":5,"minecraft:oak_sapling":19,"minecraft:black_wool":1,"minecraft:mutton":28,"minecraft:white_wool":10,"minecraft:cobblestone":86},"minecraft:used":{"minecraft:cooked_mutton":10,"minecraft:stone_pickaxe":87,"minecraft:chest":8,"minecraft:wooden_pickaxe":20,"minecraft:sugar_cane":27,"minecraft:iron_chestplate":1,"minecraft:crafting_table":6,"minecraft:white_bed":3,"minecraft:spruce_boat":7,"minecraft:wooden_axe":196,"minecraft:iron_helmet":1,"minecraft:stone_axe":377,"minecraft:furnace":2,"minecraft:porkchop":1,"minecraft:gray_bed":2},"minecraft:dropped":{"minecraft:wooden_pickaxe":1},"minecraft:custom":{"minecraft:interact_with_furnace":8,"minecraft:mob_kills":41,"minecraft:interact_with_crafting_table":14,"minecraft:time_since_death":45032,"minecraft:leave_game":4,"minecraft:climb_one_cm":1672,"minecraft:time_since_rest":45032,"minecraft:sprint_one_cm":175212,"minecraft:damage_taken":500,"minecraft:walk_one_cm":95240,"minecraft:drop":1,"minecraft:damage_dealt":4132,"minecraft:talked_to_villager":1,"minecraft:swim_one_cm":438,"minecraft:fly_one_cm":93460,"minecraft:open_chest":15,"minecraft:crouch_one_cm":1465,"minecraft:play_time":45032,"minecraft:sneak_time":494,"minecraft:walk_under_water_one_cm":1733,"minecraft:boat_one_cm":88664,"minecraft:jump":477,"minecraft:walk_on_water_one_cm":4082,"minecraft:total_world_time":45032,"minecraft:fall_one_cm":13752},"minecraft:crafted":{"minecraft:stone_shovel":1,"minecraft:crafting_table":1,"minecraft:spruce_planks":168,"minecraft:wooden_pickaxe":1,"minecraft:furnace":1,"minecraft:stone_axe":3,"minecraft:cooked_mutton":12,"minecraft:air":0,"minecraft:stick":12,"minecraft:stone_pickaxe":1,"minecraft:wooden_axe":3,"minecraft:chest":8,"minecraft:white_bed":3,"minecraft:spruce_boat":1,"minecraft:gray_bed":2}},"DataVersion":3953}