{"stats":{"minecraft:picked_up":{"minecraft:charcoal":2,"minecraft:iron_chestplate":1,"minecraft:crafting_table":7,"minecraft:chicken":4,"minecraft:smithing_table":1,"minecraft:brown_mushroom":1,"minecraft:brewing_stand":2,"minecraft:string":2,"minecraft:armor_stand":2,"minecraft:cartography_table":1,"minecraft:spruce_planks":2,"minecraft:beef":10,"minecraft:light_gray_wool":3,"minecraft:poppy":4,"minecraft:lectern":1,"minecraft:sugar_cane":60,"minecraft:chest":6,"minecraft:birch_sapling":11,"minecraft:spruce_trapdoor":16,"minecraft:furnace":1,"minecraft:stick":172,"minecraft:composter":1,"minecraft:torch":9,"minecraft:spruce_stairs":2,"minecraft:porkchop":8,"minecraft:carrot":1,"minecraft:cauldron":2,"minecraft:rotten_flesh":8,"minecraft:stone_shovel":1,"minecraft:stone_sword":1,"minecraft:arrow":10,"minecraft:mutton":30,"minecraft:white_wool":10,"minecraft:cobblestone":116,"minecraft:birch_log":42,"minecraft:feather":13,"minecraft:leather":8,"minecraft:potato":6,"minecraft:flint":4,"minecraft:oak_log":85,"minecraft:lily_pad":7,"minecraft:gunpowder":6,"minecraft:cobblestone_wall":19,"minecraft:cobblestone_stairs":10,"minecraft:blue_bed":3,"minecraft:dirt":340,"minecraft:purple_carpet":8,"minecraft:red_carpet":3,"minecraft:bone":8,"minecraft:apple":8,"minecraft:stonecutter":1,"minecraft:bow":4,"minecraft:wheat_seeds":27,"minecraft:grindstone":3,"minecraft:iron_ingot":8,"minecraft:stone_pickaxe":2,"minecraft:fletching_table":1,"minecraft:stone_hoe":1,"minecraft:book":18,"minecraft:gravel":59,"minecraft:sand":42,"minecraft:spruce_sapling":222,"minecraft:blast_furnace":1,"minecraft:spruce_log":1647,"minecraft:spruce_door":1,"minecraft:mossy_cobblestone":15,"minecraft:purple_bed":5,"minecraft:stone_axe":2,"minecraft:spruce_boat":7,"minecraft:iron_helmet":1,"minecraft:gray_wool":6,"minecraft:emerald":3,"minecraft:bread":5,"minecraft:oak_sapling":31,"minecraft:black_wool":1},"minecraft:killed":{"minecraft:spider":1,"minecraft:skeleton":7,"minecraft:chicken":4,"minecraft:pig":3,"minecraft:iron_golem":2,"minecraft:frog":2,"minecraft:creeper":3,"minecraft:sheep":20,"minecraft:zombie":8,"minecraft:cow":7},"minecraft:custom":{"minecraft:mob_kills":57,"minecraft:interact_with_crafting_table":32,"minecraft:bell_ring":1,"minecraft:leave_game":6,"minecraft:time_since_death":20566,"minecraft:climb_one_cm":1672,"minecraft:sprint_one_cm":340372,"minecraft:walk_one_cm":271237,"minecraft:drop":62,"minecraft:talked_to_villager":23,"minecraft:play_time":94026,"minecraft:deaths":1,"minecraft:sneak_time":1629,"minecraft:walk_under_water_one_cm":4771,"minecraft:boat_one_cm":88664,"minecraft:jump":955,"minecraft:walk_on_water_one_cm":11706,"minecraft:total_world_time":94026,"minecraft:interact_with_furnace":8,"minecraft:traded_with_villager":153,"minecraft:interact_with_stonecutter":1,"minecraft:sleep_in_bed":1,"minecraft:time_since_rest":20590,"minecraft:damage_taken":1026,"minecraft:damage_dealt":8410,"minecraft:swim_one_cm":438,"minecraft:fly_one_cm":199861,"minecraft:open_chest":100,"minecraft:crouch_one_cm":4598,"minecraft:fall_one_cm":25687},"minecraft:dropped":{"minecraft:stone_hoe":27,"minecraft:wheat_seeds":1,"minecraft:stone_axe":3,"minecraft:rotten_flesh":1,"minecraft:pumpkin_seeds":4,"minecraft:poppy":3,"minecraft:wooden_pickaxe":1,"minecraft:stone_pickaxe":27},"minecraft:mined":{"minecraft:red_carpet":3,"minecraft:mossy_cobblestone":15,"minecraft:cobblestone_stairs":10,"minecraft:brewing_stand":1,"minecraft:spruce_trapdoor":16,"minecraft:grass_block":218,"minecraft:spruce_leaves":19,"minecraft:cartography_table":1,"minecraft:composter":1,"minecraft:large_fern":47,"minecraft:spruce_sapling":3,"minecraft:furnace":1,"minecraft:fletching_table":1,"minecraft:bookshelf":6,"minecraft:potatoes":2,"minecraft:water_cauldron":2,"minecraft:dirt_path":70,"minecraft:purple_carpet":8,"minecraft:stone":20,"minecraft:smithing_table":1,"minecraft:glass_pane":3,"minecraft:crafting_table":7,"minecraft:torch":2,"minecraft:short_grass":6,"minecraft:blast_furnace":1,"minecraft:poppy":1,"minecraft:chest":6,"minecraft:lectern":1,"minecraft:campfire":1,"minecraft:cobblestone":96,"minecraft:grindstone":3,"minecraft:sugar_cane":40,"minecraft:blue_bed":3,"minecraft:wall_torch":1,"minecraft:spruce_stairs":2,"minecraft:purple_bed":5,"minecraft:cobblestone_wall":19,"minecraft:birch_log":42,"minecraft:wheat":9,"minecraft:spruce_log":1658,"minecraft:oak_log":86,"minecraft:sand":61,"minecraft:gravel":63,"minecraft:dirt":76,"minecraft:stonecutter":1,"minecraft:oak_leaves":12,"minecraft:fern":31},"minecraft:broken":{"minecraft:stone_pickaxe":1,"minecraft:iron_axe":3,"minecraft:stone_axe":6,"minecraft:wooden_axe":3,"minecraft:stone_shovel":2},"minecraft:crafted":{"minecraft:stone_shovel":3,"minecraft:furnace":1,"minecraft:mossy_cobblestone_stairs":4,"minecraft:cooked_mutton":12,"minecraft:iron_axe":3,"minecraft:stone_pickaxe":28,"minecraft:chest":8,"minecraft:spruce_boat":1,"minecraft:stone_hoe":26,"minecraft:gray_bed":2,"minecraft:emerald":96,"minecraft:crafting_table":1,"minecraft:spruce_planks":1832,"minecraft:wooden_pickaxe":1,"minecraft:fletching_table":2,"minecraft:stone_axe":9,"minecraft:mossy_cobblestone_wall":3,"minecraft:air":0,"minecraft:stick":3196,"minecraft:wooden_axe":3,"minecraft:stone_sword":1,"minecraft:iron_shovel":3,"minecraft:white_bed":3},"minecraft:killed_by":{"minecraft:skeleton":1},"minecraft:used":{"minecraft:stone_sword":33,"minecraft:iron_shovel":164,"minecraft:stone_shovel":321,"minecraft:chest":8,"minecraft:iron_chestplate":1,"minecraft:torch":3,"minecraft:dirt":217,"minecraft:cobblestone_wall":13,"minecraft:spruce_boat":7,"minecraft:mossy_cobblestone_stairs":4,"minecraft:wooden_axe":196,"minecraft:iron_axe":759,"minecraft:iron_helmet":1,"minecraft:bow":2,"minecraft:furnace":2,"minecraft:gray_bed":2,"minecraft:cooked_mutton":12,"minecraft:cobblestone_stairs":10,"minecraft:stone_pickaxe":158,"minecraft:wooden_pickaxe":20,"minecraft:stonecutter":1,"minecraft:sugar_cane":60,"minecraft:blue_bed":3,"minecraft:fletching_table":3,"minecraft:mossy_cobblestone":6,"minecraft:crafting_table":6,"minecraft:white_bed":3,"minecraft:spruce_log":2,"minecraft:bread":6,"minecraft:gravel":38,"minecraft:spruce_sapling":103,"minecraft:stone_axe":1087,"minecraft:cobblestone":23,"minecraft:purple_bed":4,"minecraft:porkchop":1,"minecraft:smithing_table":1,"minecraft:mossy_cobblestone_wall":3}},"DataVersion":3953}